{"cameraMode":{"drawMode":0,"name":"Shaded","section":"Shading Mode"},"sceneLighting":true,"audioPlay":false,"sceneViewState":{"showFog":true,"showMaterialUpdate":false,"showSkybox":true,"showFlares":true,"showImageEffects":true,"showParticleSystems":true},"in2DMode":false,"pivot":{"x":-4.599999904632568,"y":0.20000000298023225,"z":14.600000381469727},"rotation":{"x":0.09956073760986328,"y":-0.8981208205223084,"z":0.3349824547767639,"w":0.2669333219528198},"size":59.21253204345703,"orthographic":false}