{"cameraMode":{"drawMode":0,"name":"Shaded","section":"Shading Mode"},"sceneLighting":true,"audioPlay":false,"sceneViewState":{"showFog":true,"showMaterialUpdate":false,"showSkybox":true,"showFlares":true,"showImageEffects":true,"showParticleSystems":true},"in2DMode":false,"pivot":{"x":19.087215423583986,"y":-6.381287574768066,"z":5.836676597595215},"rotation":{"x":0.23396378755569459,"y":-0.6398045420646668,"z":0.21380117535591126,"w":0.7001429796218872},"size":55.12641143798828,"orthographic":false}