{"cameraMode":{"drawMode":0,"name":"Shaded","section":"Shading Mode"},"sceneLighting":false,"audioPlay":false,"sceneViewState":{"showFog":true,"showMaterialUpdate":false,"showSkybox":true,"showFlares":true,"showImageEffects":true,"showParticleSystems":true},"in2DMode":false,"pivot":{"x":-0.128403902053833,"y":0.4260316491127014,"z":-0.7120000123977661},"rotation":{"x":-0.16580256819725038,"y":0.6929894685745239,"z":-0.16871148347854615,"w":-0.681037187576294},"size":4.0288615226745609,"orthographic":false}