{"cameraMode":{"drawMode":0,"name":"Shaded","section":"Shading Mode"},"sceneLighting":true,"audioPlay":false,"sceneViewState":{"showFog":true,"showMaterialUpdate":false,"showSkybox":true,"showFlares":true,"showImageEffects":true,"showParticleSystems":true},"in2DMode":false,"pivot":{"x":-5.530063629150391,"y":-0.5293183326721191,"z":-12.021827697753907},"rotation":{"x":-0.09154214709997177,"y":0.7466215491294861,"z":-0.10507000237703324,"w":-0.6504895091056824},"size":21.685415267944337,"orthographic":false}