{"cameraMode":{"drawMode":0,"name":"Shaded","section":"Shading Mode"},"sceneLighting":true,"audioPlay":false,"sceneViewState":{"showFog":true,"showMaterialUpdate":false,"showSkybox":true,"showFlares":true,"showImageEffects":true,"showParticleSystems":true},"in2DMode":false,"pivot":{"x":12.62459945678711,"y":-1.4179494380950928,"z":7.9234466552734379},"rotation":{"x":0.030006056651473047,"y":-0.9666417837142944,"z":0.13424979150295258,"w":0.21605637669563294},"size":13.607063293457032,"orthographic":false}