{"cameraMode":{"drawMode":0,"name":"Shaded","section":"Shading Mode"},"sceneLighting":true,"audioPlay":false,"sceneViewState":{"showFog":true,"showMaterialUpdate":false,"showSkybox":true,"showFlares":true,"showImageEffects":true,"showParticleSystems":true},"in2DMode":false,"pivot":{"x":-4.53009033203125,"y":8.061087608337403,"z":6.071356773376465},"rotation":{"x":-0.03078748658299446,"y":0.46601244807243349,"z":-0.016227833926677705,"w":-0.8840935230255127},"size":37.14120101928711,"orthographic":false}